status	productId	score	productName	matchedTitle	imageUrl	sourceDoc
MATCH	31	100	Giày cầu lông Lining AYAV001-5 Saga 3 Pro Chính Hãng	Giày cầu lông Lining AYAV001-5 Saga 3 Pro Chính Hãng	/images/products/catalog/badminton/giay-cau-long/giay-cau-long-lining-ayav001-5-saga-3-pro-chinh-hang.png	Badminton\giay-cau-long\giày cầu lông.docx
MATCH	32	100	Giày Cầu Lông VS 610W Trắng Chính Hãng	Giày Cầu Lông VS 610W Trắng Chính Hãng	/images/products/catalog/badminton/giay-cau-long/giay-cau-long-vs-610w-trang-chinh-hang.png	Badminton\giay-cau-long\giày cầu lông.docx
MATCH	33	100	Giày Cầu Lông VS VS230S Bạc Chính Hãng	Giày Cầu Lông VS VS230S Bạc Chính Hãng	/images/products/catalog/badminton/giay-cau-long/giay-cau-long-vs-vs230s-bac-chinh-hang.png	Badminton\giay-cau-long\giày cầu lông.docx
MATCH	34	100	Giày Cầu Lông VS VS6000W Trắng Chính Hãng	Giày Cầu Lông VS VS6000W Trắng Chính Hãng	/images/products/catalog/badminton/giay-cau-long/giay-cau-long-vs-vs6000w-trang-chinh-hang.png	Badminton\giay-cau-long\giày cầu lông.docx
MATCH	35	100	Giày Cầu Lông VS VS620 Phoenix Chính Hãng	Giày Cầu Lông VS VS620 Phoenix Chính Hãng	/images/products/catalog/badminton/giay-cau-long/giay-cau-long-vs-vs620-phoenix-chinh-hang.png	Badminton\giay-cau-long\giày cầu lông.docx
MATCH	36	100	Giày cầu lông Yonex Cumulo	Giày cầu lông Yonex Cumulo	/images/products/catalog/badminton/giay-cau-long/giay-cau-long-yonex-cumulo.png	Badminton\giay-cau-long\giày cầu lông.docx
MATCH	37	100	Giày cầu lông Kumpoo KH-G828 GZ chính hãng	Giày cầu lông Kumpoo KH-G828 GZ chính hãng	/images/products/catalog/badminton/giay-cau-long/giay-cau-long-kumpoo-kh-g828-gz-chinh-hang.png	Badminton\giay-cau-long\giày cầu lông.docx
MATCH	38	96	Giày cầu lông Mizuno Wave Claw Pro 3 - Trắng chính hãng	Giày cầu lông Mizuno Wave Claw Pro 3 - Trắng chính hãng (71GA265201)	/images/products/catalog/badminton/giay-cau-long/giay-cau-long-mizuno-wave-claw-pro-3-trang-chinh-hang-71ga265201.png	Badminton\giay-cau-long\giày cầu lông.docx
MATCH	39	100	Giày cầu lông Mizuno Wave Claw 4	Giày cầu lông Mizuno Wave Claw 4	/images/products/catalog/badminton/giay-cau-long/giay-cau-long-mizuno-wave-claw-4.png	Badminton\giay-cau-long\giày cầu lông.docx
MATCH	40	100	Giày cầu lông Kumpoo KH-D66 Trắng chính hãng	Giày cầu lông Kumpoo KH-D66 Trắng chính hãng	/images/products/catalog/badminton/giay-cau-long/giay-cau-long-kumpoo-kh-d66-trang-chinh-hang.png	Badminton\giay-cau-long\giày cầu lông.docx
MATCH	41	100	Bộ quần áo cầu lông Kamito Smash nữ - Trắng cam chính hãng	Bộ quần áo cầu lông Kamito Smash nữ - Trắng cam chính hãng	/images/products/catalog/badminton/quan-ao-cau-long/bo-quan-ao-cau-long-kamito-smash-nu-trang-cam-chinh-hang.png	Badminton\quan-ao-cau-long\quần áo cầu lông.docx
MATCH	42	100	Bộ quần áo cầu lông Yonex (Hàng tài trợ)	Bộ quần áo cầu lông Yonex (Hàng tài trợ)	/images/products/catalog/badminton/quan-ao-cau-long/bo-quan-ao-cau-long-yonex-hang-tai-tro.png	Badminton\quan-ao-cau-long\quần áo cầu lông.docx
MATCH	43	100	Áo Cầu Lông Proning Xanh bích dạ quang 230	Áo Cầu Lông Proning Xanh bích dạ quang 230	/images/products/catalog/badminton/quan-ao-cau-long/ao-cau-long-proning-xanh-bich-da-quang-230.png	Badminton\quan-ao-cau-long\quần áo cầu lông.docx
MATCH	44	100	Áo Cầu Lông DonexPro 8933-04-10A Xanh bích phối dạ quang	Áo Cầu Lông DonexPro 8933-04-10A Xanh bích phối dạ quang	/images/products/catalog/badminton/quan-ao-cau-long/ao-cau-long-donexpro-8933-04-10a-xanh-bich-phoi-da-quang.png	Badminton\quan-ao-cau-long\quần áo cầu lông.docx
MATCH	45	100	Bộ quần áo cầu lông SFD B001	Bộ quần áo cầu lông SFD B001	/images/products/catalog/badminton/quan-ao-cau-long/bo-quan-ao-cau-long-sfd-b001.png	Badminton\quan-ao-cau-long\quần áo cầu lông.docx
MATCH	46	100	Bộ quần áo cầu lông Kamito Smash nữ - Xanh bích chính hãng	Bộ quần áo cầu lông Kamito Smash nữ - Xanh bích chính hãng]	/images/products/catalog/badminton/quan-ao-cau-long/bo-quan-ao-cau-long-kamito-smash-nu-xanh-bich-chinh-hang.png	Badminton\quan-ao-cau-long\quần áo cầu lông.docx
MATCH	47	100	Bộ quần áo cầu lông Kamito Smash nữ - Xanh navy chính hãng	Bộ quần áo cầu lông Kamito Smash nữ - Xanh navy chính hãng	/images/products/catalog/badminton/quan-ao-cau-long/bo-quan-ao-cau-long-kamito-smash-nu-xanh-navy-chinh-hang.png	Badminton\quan-ao-cau-long\quần áo cầu lông.docx
MATCH	48	100	Áo Cầu Lông Lining 2099 A NAM DẠ QUANG	Áo Cầu Lông Lining 2099 A NAM DẠ QUANG	/images/products/catalog/badminton/quan-ao-cau-long/ao-cau-long-lining-2099-a-nam-da-quang.png	Badminton\quan-ao-cau-long\quần áo cầu lông.docx
MATCH	49	100	Áo Cầu Lông DonexPro 8933-05-10A Ghi phối dạ quang	Áo Cầu Lông DonexPro 8933-05-10A Ghi phối dạ quang	/images/products/catalog/badminton/quan-ao-cau-long/ao-cau-long-donexpro-8933-05-10a-ghi-phoi-da-quang.png	Badminton\quan-ao-cau-long\quần áo cầu lông.docx
MATCH	50	100	Áo Cầu Lông DonexPro 8909 A Đen Phối Dạ Quang	Áo Cầu Lông DonexPro 8909 A Đen Phối Dạ Quang	/images/products/catalog/badminton/quan-ao-cau-long/ao-cau-long-donexpro-8909-a-den-phoi-da-quang.png	Badminton\quan-ao-cau-long\quần áo cầu lông.docx
MATCH	51	100	Vợt cầu lông VNB Carbon Training 150g chính hãng	Vợt cầu lông VNB Carbon Training 150g chính hãng	/images/products/catalog/badminton/vot-cau-long/vot-cau-long-vnb-carbon-training-150g-chinh-hang.png	Badminton\vợt cầu lông\vợt cầu lông.docx
MATCH	52	100	Vợt cầu lông VNB TC88B chính hãng	Vợt cầu lông VNB TC88B chính hãng	/images/products/catalog/badminton/vot-cau-long/vot-cau-long-vnb-tc88b-chinh-hang.png	Badminton\vợt cầu lông\vợt cầu lông.docx
MATCH	53	100	Vợt cầu lông Lining Axforce Cannon Pro Limited 2026 chính hãng	Vợt cầu lông Lining Axforce Cannon Pro Limited 2026 chính hãng	/images/products/catalog/badminton/vot-cau-long/vot-cau-long-lining-axforce-cannon-pro-limited-2026-chinh-hang.png	Badminton\vợt cầu lông\vợt cầu lông.docx
MATCH	54	100	Vợt cầu lông Felet Woven Eighty 8 chính hãng	Vợt cầu lông Felet Woven Eighty 8 chính hãng	/images/products/catalog/badminton/vot-cau-long/vot-cau-long-felet-woven-eighty-8-chinh-hang.png	Badminton\vợt cầu lông\vợt cầu lông.docx
MATCH	55	100	Vợt Cầu Lông Victor Thruster Ryuga Muse F chính hãng	Vợt Cầu Lông Victor Thruster Ryuga Muse F chính hãng	/images/products/catalog/badminton/vot-cau-long/vot-cau-long-victor-thruster-ryuga-muse-f-chinh-hang.png	Badminton\vợt cầu lông\vợt cầu lông.docx
MATCH	56	100	Vợt Cầu Lông Lining Axforce 90 Limited 2026 chính hãng	Vợt Cầu Lông Lining Axforce 90 Limited 2026 chính hãng	/images/products/catalog/badminton/vot-cau-long/vot-cau-long-lining-axforce-90-limited-2026-chinh-hang.png	Badminton\vợt cầu lông\vợt cầu lông.docx
MATCH	57	100	Vợt cầu lông Hundred Nuclear 72	Vợt cầu lông Hundred Nuclear 72	/images/products/catalog/badminton/vot-cau-long/vot-cau-long-hundred-nuclear-72.png	Badminton\vợt cầu lông\vợt cầu lông.docx
MATCH	58	100	Vợt cầu lông Hundred Hyfonic 7 - Tím xanh lá chính hãng	Vợt cầu lông Hundred Hyfonic 7 - Tím xanh lá chính hãng	/images/products/catalog/badminton/vot-cau-long/vot-cau-long-hundred-hyfonic-7-tim-xanh-la-chinh-hang.png	Badminton\vợt cầu lông\vợt cầu lông.docx
MATCH	59	100	Vợt cầu lông Hundred Flareon 700 - Đen cam hồng chính hãng	Vợt cầu lông Hundred Flareon 700 - Đen cam hồng chính hãng	/images/products/catalog/badminton/vot-cau-long/vot-cau-long-hundred-flareon-700-den-cam-hong-chinh-hang.png	Badminton\vợt cầu lông\vợt cầu lông.docx
MATCH	60	100	Set Vợt cầu lông VS Kirin 70 Chính Hãng	Set Vợt cầu lông VS Kirin 70 Chính Hãng	/images/products/catalog/badminton/vot-cau-long/set-vot-cau-long-vs-kirin-70-chinh-hang.png	Badminton\vợt cầu lông\vợt cầu lông.docx
MATCH	61	100	Túi đựng phụ kiện Yonex SRFDSB03L - Đỏ	Túi đựng phụ kiện Yonex SRFDSB03L - Đỏ	/images/products/catalog/badminton/phu-kien-cau-long/tui-dung-phu-kien-yonex-srfdsb03l-do.png	Badminton\phu-kien-cau-long\phụ kiện cầu lông.docx
MATCH	62	100	Túi đựng phụ kiện Victor Hello Kitty BG-31KT A Trắng	Túi đựng phụ kiện Victor Hello Kitty BG-31KT A Trắng	/images/products/catalog/badminton/phu-kien-cau-long/tui-dung-phu-kien-victor-hello-kitty-bg-31kt-a-trang.png	Badminton\phu-kien-cau-long\phụ kiện cầu lông.docx
MATCH	63	100	Ống cầu lông Phương Hương	Ống cầu lông Phương Hương	/images/products/catalog/badminton/phu-kien-cau-long/ong-cau-long-phuong-huong.png	Badminton\phu-kien-cau-long\phụ kiện cầu lông.docx
MATCH	64	100	Túi phụ kiện Lining ABJK006-1 chính hãng	Túi phụ kiện Lining ABJK006-1 chính hãng	/images/products/catalog/badminton/phu-kien-cau-long/tui-phu-kien-lining-abjk006-1-chinh-hang.png	Badminton\phu-kien-cau-long\phụ kiện cầu lông.docx
MATCH	65	100	Túi phụ kiện Lining ABJK006-3 chính hãng	Túi phụ kiện Lining ABJK006-3 chính hãng	/images/products/catalog/badminton/phu-kien-cau-long/tui-phu-kien-lining-abjk006-3-chinh-hang.png	Badminton\phu-kien-cau-long\phụ kiện cầu lông.docx
MATCH	66	100	Túi đựng phụ kiện Victor Doraemon BG1035DRM F Xanh	Túi đựng phụ kiện Victor Doraemon BG1035DRM F Xanh	/images/products/catalog/badminton/phu-kien-cau-long/tui-dung-phu-kien-victor-doraemon-bg1035drm-f-xanh.png	Badminton\phu-kien-cau-long\phụ kiện cầu lông.docx
MATCH	67	100	Túi đựng phụ kiện Yonex SRFDSB03L - Xám	Túi đựng phụ kiện Yonex SRFDSB03L - Xám	/images/products/catalog/badminton/phu-kien-cau-long/tui-dung-phu-kien-yonex-srfdsb03l-xam.png	Badminton\phu-kien-cau-long\phụ kiện cầu lông.docx
MATCH	68	100	Túi đựng phụ kiện Yonex SRFDSB03L - Đen	Túi đựng phụ kiện Yonex SRFDSB03L - Đen	/images/products/catalog/badminton/phu-kien-cau-long/tui-dung-phu-kien-yonex-srfdsb03l-den.png	Badminton\phu-kien-cau-long\phụ kiện cầu lông.docx
MATCH	69	100	Túi đựng phụ kiện Victor Hello Kitty BG-32KT F Navy	Túi đựng phụ kiện Victor Hello Kitty BG-32KT F Navy	/images/products/catalog/badminton/phu-kien-cau-long/tui-dung-phu-kien-victor-hello-kitty-bg-32kt-f-navy.png	Badminton\phu-kien-cau-long\phụ kiện cầu lông.docx
MATCH	70	100	Túi vợt cầu lông Adidas 360 B7 Tournament - Xám	Túi vợt cầu lông Adidas 360 B7 Tournament - Xám	/images/products/catalog/badminton/phu-kien-cau-long/tui-vot-cau-long-adidas-360-b7-tournament-xam.png	Badminton\phu-kien-cau-long\phụ kiện cầu lông.docx
MATCH	71	100	Túi cầu lông Adidas X-Symbolic 6 Racket - Đen Vàng	Túi cầu lông Adidas X-Symbolic 6 Racket - Đen Vàng	/images/products/catalog/badminton/phu-kien-cau-long/tui-cau-long-adidas-x-symbolic-6-racket-den-vang.png	Badminton\phu-kien-cau-long\phụ kiện cầu lông.docx
MATCH	72	100	Giày Đá Bóng Sân Cỏ Nhân Tạo Nam Mizuno Morelia Neo Iv Pro As - Trắng	Giày Đá Bóng Sân Cỏ Nhân Tạo Nam Mizuno Morelia Neo Iv Pro As - Trắng	/images/products/catalog/football/giay-da-bong/giay/giay-da-bong-san-co-nhan-tao-nam-mizuno-morelia-neo-iv-pro-as-trang.png	FootBall\giay-da-bong\giày\giày.docx
MATCH	73	96	Giày Đá Bóng Sân Cỏ Nhân Tạo Nam Nike Zoovapor 16 Academy	Giày Đá Bóng Sân Cỏ Nhân Tạo Nam Nike Zoovapor 16 Academy - Hồng	/images/products/catalog/football/giay-da-bong/giay/giay-da-bong-san-co-nhan-tao-nam-nike-zoovapor-16-academy-hong.png	FootBall\giay-da-bong\giày\giày.docx
MATCH	74	96	Giày Đá Bóng Sân Cỏ Nhân Tạo Nam Nike Mercurial Superfly 10 Academy Tf	Giày Đá Bóng Sân Cỏ Nhân Tạo Nam Nike Mercurial Superfly 10 Academy Tf - Xanh Dương	/images/products/catalog/football/giay-da-bong/giay/giay-da-bong-san-co-nhan-tao-nam-nike-mercurial-superfly-10-academy-tf-xanh-duong.png	FootBall\giay-da-bong\giày\giày.docx
MATCH	75	96	Giày Đá Bóng Sân Cỏ Nhân Tạo Nam Adidas F50 Club	Giày Đá Bóng Sân Cỏ Nhân Tạo Nam Adidas F50 Club - Xanh Dương	/images/products/catalog/football/giay-da-bong/giay/giay-da-bong-san-co-nhan-tao-nam-adidas-f50-club-xanh-duong.png	FootBall\giay-da-bong\giày\giày.docx
MATCH	76	96	Giày Đá Bóng Sân Cỏ Nhân Tạo Nam Adidas Predator League Fold-Over Tongue	Giày Đá Bóng Sân Cỏ Nhân Tạo Nam Adidas Predator League Fold-Over Tongue - Đỏ	/images/products/catalog/football/giay-da-bong/giay/giay-da-bong-san-co-nhan-tao-nam-adidas-predator-league-fold-over-tongue-do.png	FootBall\giay-da-bong\giày\giày.docx
MATCH	77	96	Giày Đá Bóng Sân Cỏ Nhân Tạo Nam Nike Legend 10 Academy	Giày Đá Bóng Sân Cỏ Nhân Tạo Nam Nike Legend 10 Academy - Đen	/images/products/catalog/football/giay-da-bong/giay/giay-da-bong-san-co-nhan-tao-nam-nike-legend-10-academy-den.png	FootBall\giay-da-bong\giày\giày.docx
MATCH	78	96	Giày Đá Bóng Dành Cho Sân Cỏ Tự Nhiên Nam Nike Tiempo Legend 10 Academy	Giày Đá Bóng Dành Cho Sân Cỏ Tự Nhiên Nam Nike Tiempo Legend 10 Academy - Xám	/images/products/catalog/football/giay-da-bong/giay/giay-da-bong-danh-cho-san-co-tu-nhien-nam-nike-tiempo-legend-10-academy-xam.png	FootBall\giay-da-bong\giày\giày.docx
MATCH	79	96	Giày Đá Bóng Dành Cho Sân Cỏ Tự Nhiên Nam Nike Phantom Gx Ii Academy Erling Haaland Fg	Giày Đá Bóng Dành Cho Sân Cỏ Tự Nhiên Nam Nike Phantom Gx Ii Academy Erling Haaland Fg - Xanh Navy	/images/products/catalog/football/giay-da-bong/giay/giay-da-bong-danh-cho-san-co-tu-nhien-nam-nike-phantom-gx-ii-academy-erling-haaland-fg-xan.png	FootBall\giay-da-bong\giày\giày.docx
MATCH	80	96	Giày Đá Bóng Sân Cỏ Nhân Tạo Nam Puma Ultra 6 Match Tt	Giày Đá Bóng Sân Cỏ Nhân Tạo Nam Puma Ultra 6 Match Tt - Xanh Lá	/images/products/catalog/football/giay-da-bong/giay/giay-da-bong-san-co-nhan-tao-nam-puma-ultra-6-match-tt-xanh-la.png	FootBall\giay-da-bong\giày\giày.docx
MATCH	81	96	Giày Đá Bóng Sân Cỏ Nhân Tạo Nam Puma Ultra 6 Match Tt	Giày Đá Bóng Sân Cỏ Nhân Tạo Nam Puma Ultra 6 Match Tt - Xanh Dương	/images/products/catalog/football/giay-da-bong/giay/giay-da-bong-san-co-nhan-tao-nam-puma-ultra-6-match-tt-xanh-duong.png	FootBall\giay-da-bong\giày\giày.docx
MATCH	102	100	Quả bóng đá adidas Tiro Pro Unisex - HT2428	Quả bóng đá adidas Tiro Pro Unisex - HT2428	/images/products/catalog/football/bong-da/bong/qua-bong-da-adidas-tiro-pro-unisex-ht2428.png	FootBall\bong-da\bóng\quả bóng.docx
MATCH	103	100	Quả bóng đá adidas FIFA World Cup 26™ Unisex - JD8045	Quả bóng đá adidas FIFA World Cup 26™ Unisex - JD8045	/images/products/catalog/football/bong-da/bong/qua-bong-da-adidas-fifa-world-cup-26tm-unisex-jd8045.png	FootBall\bong-da\bóng\quả bóng.docx
MATCH	104	100	Quả bóng đá mini adidas Trionda FIFA World Cup 26™ - JD8034	Quả bóng đá mini adidas Trionda FIFA World Cup 26™ - JD8034	/images/products/catalog/football/bong-da/bong/qua-bong-da-mini-adidas-trionda-fifa-world-cup-26tm-jd8034.png	FootBall\bong-da\bóng\quả bóng.docx
MATCH	105	100	Quả bóng đá adidas FIFA Club World Cup 25 Pro Unisex - JE8770	Quả bóng đá adidas FIFA Club World Cup 25 Pro Unisex - JE8770	/images/products/catalog/football/bong-da/bong/qua-bong-da-adidas-fifa-club-world-cup-25-pro-unisex-je8770.png	FootBall\bong-da\bóng\quả bóng.docx
MATCH	106	100	Quả bóng đá adidas Mundial de Clubes FIFA 25 Training Unisex - JD3826	Quả bóng đá adidas Mundial de Clubes FIFA 25 Training Unisex - JD3826	/images/products/catalog/football/bong-da/bong/qua-bong-da-adidas-mundial-de-clubes-fifa-25-training-unisex-jd3826.png	FootBall\bong-da\bóng\quả bóng.docx
MATCH	107	100	Quả bóng đá adidas UCL Pro Unisex - JH1279	Quả bóng đá adidas UCL Pro Unisex - JH1279	/images/products/catalog/football/bong-da/bong/qua-bong-da-adidas-ucl-pro-unisex-jh1279.png	FootBall\bong-da\bóng\quả bóng.docx
MATCH	108	100	Áo Thun Nam Nike Court Victory Dri-Fit Tennis - Xanh Lá	Áo Thun Nam Nike Court Victory Dri-Fit Tennis - Xanh Lá	/images/products/catalog/pickleball/quan-ao-pickleball/ao-thun-nam-nike-court-victory-dri-fit-tennis-xanh-la.png	PickleBall\quan-ao-pickleball\Quần áo pickleball.docx
MATCH	109	100	Áo Polo Nam Adidas Club - Xanh Dương	Áo Polo Nam Adidas Club - Xanh Dương	/images/products/catalog/pickleball/quan-ao-pickleball/ao-polo-nam-adidas-club-xanh-duong.png	PickleBall\quan-ao-pickleball\Quần áo pickleball.docx
MATCH	110	100	Đầm Nữ Adidas Club Tennis Climacool - Đen	Đầm Nữ Adidas Club Tennis Climacool - Đen	/images/products/catalog/pickleball/quan-ao-pickleball/dam-nu-adidas-club-tennis-climacool-den.png	PickleBall\quan-ao-pickleball\Quần áo pickleball.docx
MATCH	111	100	Chân Váy Nữ Adidas Seasonal Essentials 3-Stripes - Hồng	Chân Váy Nữ Adidas Seasonal Essentials 3-Stripes - Hồng	/images/products/catalog/pickleball/quan-ao-pickleball/chan-vay-nu-adidas-seasonal-essentials-3-stripes-hong.png	PickleBall\quan-ao-pickleball\Quần áo pickleball.docx
MATCH	114	100	Giày Pickleball Nam JOOLA Bainbridge Atlantic - Xanh Dương	Giày Pickleball Nam JOOLA Bainbridge Atlantic - Xanh Dương	/images/products/catalog/pickleball/giay-pickleball/giay-pickleball-nam-joola-bainbridge-atlantic-xanh-duong.png	PickleBall\giay-pickleball\giày pickleball.docx
MATCH	115	100	Giày Pickleball Nam Asics Gel-Dedicate 8 - Xanh Dương	Giày Pickleball Nam Asics Gel-Dedicate 8 - Xanh Dương	/images/products/catalog/pickleball/giay-pickleball/giay-pickleball-nam-asics-gel-dedicate-8-xanh-duong.png	PickleBall\giay-pickleball\giày pickleball.docx
MATCH	116	100	Giày Pickleball Nữ Asics Gel-Dedicate 8 - Xám	Giày Pickleball Nữ Asics Gel-Dedicate 8 - Xám	/images/products/catalog/pickleball/giay-pickleball/giay-pickleball-nu-asics-gel-dedicate-8-xam.png	PickleBall\giay-pickleball\giày pickleball.docx
MATCH	117	100	Giày Tennis Nữ Asics Upcourt 6 - Trắng	Giày Tennis Nữ Asics Upcourt 6 - Trắng	/images/products/catalog/pickleball/giay-pickleball/giay-tennis-nu-asics-upcourt-6-trang.png	PickleBall\giay-pickleball\giày pickleball.docx
MATCH	118	100	Giày Pickleball Nữ JOOLA Bainbridge Meadow - Xanh Lá	Giày Pickleball Nữ JOOLA Bainbridge Meadow - Xanh Lá	/images/products/catalog/pickleball/giay-pickleball/giay-pickleball-nu-joola-bainbridge-meadow-xanh-la.png	PickleBall\giay-pickleball\giày pickleball.docx
MATCH	119	100	Vợt Pickleball JOOLA Scorpeus Pro V Anna 14Mm - Vàng	Vợt Pickleball JOOLA Scorpeus Pro V Anna 14Mm - Vàng	/images/products/catalog/pickleball/vot-pickleball/vot-pickleball-joola-scorpeus-pro-v-anna-14mm-vang.png	PickleBall\vot-pickleball\vợt pickleball.docx
MATCH	121	100	Bộ Vợt Waboba Pickleball - Nhiều Màu	Bộ Vợt Waboba Pickleball - Nhiều Màu	/images/products/catalog/pickleball/vot-pickleball/bo-vot-waboba-pickleball-nhieu-mau.png	PickleBall\vot-pickleball\vợt pickleball.docx
MATCH	124	100	Túi Pickleball Sypik - Trắng ngọc trai chính hãng	Túi Pickleball Sypik - Trắng ngọc trai chính hãng	/images/products/catalog/pickleball/phu-kien-pickleball/tui-dung-vot/tui-pickleball-sypik-trang-ngoc-trai-chinh-hang.png	PickleBall\phu-kien-pickleball\Túi đựng vợt\Túi đựng vợt.docx
MATCH	125	100	Túi Pickleball Joola Tour Elite Orange & Gray	Túi Pickleball Joola Tour Elite Orange & Gray	/images/products/catalog/pickleball/phu-kien-pickleball/tui-dung-vot/tui-pickleball-joola-tour-elite-orange-gray.png	PickleBall\phu-kien-pickleball\Túi đựng vợt\Túi đựng vợt.docx
MATCH	126	96	Bóng Pickleball Facolos F-Eco Xanh	Bóng Pickleball Facolos F-Eco Xanh (Hộp 3 quả)	/images/products/catalog/pickleball/phu-kien-pickleball/bong/bong-pickleball-facolos-f-eco-xanh-hop-3-qua.png	PickleBall\phu-kien-pickleball\bóng\Bóng pickleBall.docx
MATCH	127	96	Bóng Pickleball Joola HC-40	Bóng Pickleball Joola HC-40 (Hộp 3 quả)	/images/products/catalog/pickleball/phu-kien-pickleball/bong/bong-pickleball-joola-hc-40-hop-3-qua.png	PickleBall\phu-kien-pickleball\bóng\Bóng pickleBall.docx
MATCH	129	96	Bóng Pickleball Facolos F-Pro Advanced Hồng	Bóng Pickleball Facolos F-Pro Advanced Hồng (Quả)	/images/products/catalog/pickleball/phu-kien-pickleball/bong/bong-pickleball-facolos-f-pro-advanced-hong-qua.png	PickleBall\phu-kien-pickleball\bóng\Bóng pickleBall.docx
UNMATCHED	82	0	Tất chống trượt bóng đá Fox - Đen			
UNMATCHED	83	0	Bọc ống đồng bóng đá Adidas Tiro - Trắng			
UNMATCHED	84	0	Găng tay thủ môn Nike Grip3 - Đen/Cam			
UNMATCHED	85	0	Túi rút đựng giày bóng đá Nike Brasilia - Đen			
UNMATCHED	86	0	Băng keo thể thao quấn cơ cuộn 5cm - Màu Da			
UNMATCHED	87	0	Băng đội trưởng (Captain Armband) - Đỏ			
UNMATCHED	88	0	Bó gối thể thao dệt kim PJ - Xám			
UNMATCHED	89	0	Bình nước thể thao bóng đá Lock&Lock 700ml			
UNMATCHED	90	0	Băng đô thấm mồ hôi trán Adidas - Trắng			
UNMATCHED	91	0	Túi xách thể thao bóng đá Adidas Duffel Bag			
UNMATCHED	92	0	Bộ quần áo bóng đá CLB Manchester United Sân nhà 23/24			
UNMATCHED	93	0	Bộ quần áo bóng đá CLB Real Madrid Sân nhà 23/24			
UNMATCHED	94	0	Áo thi đấu ĐTQG Việt Nam 2024 Chính Hãng			
UNMATCHED	95	0	Bộ quần áo bóng đá Bulbal Olas - Xanh Ngọc			
UNMATCHED	96	0	Bộ quần áo bóng đá Kamito Gowo - Đỏ			
UNMATCHED	97	0	Bộ quần áo bóng đá Kamito Gowo - Trắng			
UNMATCHED	98	0	Bộ quần áo bóng đá Keepfly Ultra - Vàng			
UNMATCHED	99	0	Áo di chuyển Polo bóng đá đội tuyển Anh			
UNMATCHED	100	0	Bộ quần áo thủ môn Bulbal - Xanh Neon			
UNMATCHED	101	0	Bộ quần áo trọng tài bóng đá chuyên nghiệp - Đen			
UNMATCHED	112	0	Áo Thun Thể Thao Nữ Lululemon Swiftly Tech Short Sleeve 2.0			
UNMATCHED	113	0	Quần Short Thể Thao Nam Nike Dri-FIT Advantage 7"			
UNMATCHED	120	0	Vợt Pickleball Prince Response Pro - Đen/Đỏ			
UNMATCHED	122	0	Vợt Pickleball JOOLA Ben Johns Perseus CFS 16mm			
UNMATCHED	123	0	Vợt Pickleball Selkirk Vanguard Power Air Invikta			
UNMATCHED	128	0	Bóng Pickleball Diadem Official Indoor Ball			
