productTitle	imageUrl	sourceDoc	sourceImage
Giày cầu lông Lining AYAV001-5 Saga 3 Pro Chính Hãng	/images/products/catalog/badminton/giay-cau-long/giay-cau-long-lining-ayav001-5-saga-3-pro-chinh-hang.png	Badminton\giay-cau-long\giày cầu lông.docx	media/image10.png
Giày Cầu Lông VS 610W Trắng Chính Hãng	/images/products/catalog/badminton/giay-cau-long/giay-cau-long-vs-610w-trang-chinh-hang.png	Badminton\giay-cau-long\giày cầu lông.docx	media/image7.png
Giày Cầu Lông VS VS230S Bạc Chính Hãng	/images/products/catalog/badminton/giay-cau-long/giay-cau-long-vs-vs230s-bac-chinh-hang.png	Badminton\giay-cau-long\giày cầu lông.docx	media/image8.png
Giày Cầu Lông VS VS6000W Trắng Chính Hãng	/images/products/catalog/badminton/giay-cau-long/giay-cau-long-vs-vs6000w-trang-chinh-hang.png	Badminton\giay-cau-long\giày cầu lông.docx	media/image3.png
Giày Cầu Lông VS VS620 Phoenix Chính Hãng	/images/products/catalog/badminton/giay-cau-long/giay-cau-long-vs-vs620-phoenix-chinh-hang.png	Badminton\giay-cau-long\giày cầu lông.docx	media/image2.png
Giày cầu lông Yonex Cumulo	/images/products/catalog/badminton/giay-cau-long/giay-cau-long-yonex-cumulo.png	Badminton\giay-cau-long\giày cầu lông.docx	media/image6.png
Giày cầu lông Kumpoo KH-G828 GZ chính hãng	/images/products/catalog/badminton/giay-cau-long/giay-cau-long-kumpoo-kh-g828-gz-chinh-hang.png	Badminton\giay-cau-long\giày cầu lông.docx	media/image4.png
Giày cầu lông Mizuno Wave Claw Pro 3 - Trắng chính hãng (71GA265201)	/images/products/catalog/badminton/giay-cau-long/giay-cau-long-mizuno-wave-claw-pro-3-trang-chinh-hang-71ga265201.png	Badminton\giay-cau-long\giày cầu lông.docx	media/image1.png
Giày cầu lông Mizuno Wave Claw 4	/images/products/catalog/badminton/giay-cau-long/giay-cau-long-mizuno-wave-claw-4.png	Badminton\giay-cau-long\giày cầu lông.docx	media/image5.png
Giày cầu lông Kumpoo KH-D66 Trắng chính hãng	/images/products/catalog/badminton/giay-cau-long/giay-cau-long-kumpoo-kh-d66-trang-chinh-hang.png	Badminton\giay-cau-long\giày cầu lông.docx	media/image9.png
Túi đựng phụ kiện Yonex SRFDSB03L - Đỏ	/images/products/catalog/badminton/phu-kien-cau-long/tui-dung-phu-kien-yonex-srfdsb03l-do.png	Badminton\phu-kien-cau-long\phụ kiện cầu lông.docx	media/image10.png
Túi đựng phụ kiện Victor Hello Kitty BG-31KT A Trắng	/images/products/catalog/badminton/phu-kien-cau-long/tui-dung-phu-kien-victor-hello-kitty-bg-31kt-a-trang.png	Badminton\phu-kien-cau-long\phụ kiện cầu lông.docx	media/image9.png
Ống cầu lông Phương Hương	/images/products/catalog/badminton/phu-kien-cau-long/ong-cau-long-phuong-huong.png	Badminton\phu-kien-cau-long\phụ kiện cầu lông.docx	media/image11.png
Túi phụ kiện Lining ABJK006-1 chính hãng	/images/products/catalog/badminton/phu-kien-cau-long/tui-phu-kien-lining-abjk006-1-chinh-hang.png	Badminton\phu-kien-cau-long\phụ kiện cầu lông.docx	media/image8.png
Túi phụ kiện Lining ABJK006-3 chính hãng	/images/products/catalog/badminton/phu-kien-cau-long/tui-phu-kien-lining-abjk006-3-chinh-hang.png	Badminton\phu-kien-cau-long\phụ kiện cầu lông.docx	media/image4.png
Túi đựng phụ kiện Victor Doraemon BG1035DRM F Xanh	/images/products/catalog/badminton/phu-kien-cau-long/tui-dung-phu-kien-victor-doraemon-bg1035drm-f-xanh.png	Badminton\phu-kien-cau-long\phụ kiện cầu lông.docx	media/image7.png
Túi đựng phụ kiện Yonex SRFDSB03L - Xám	/images/products/catalog/badminton/phu-kien-cau-long/tui-dung-phu-kien-yonex-srfdsb03l-xam.png	Badminton\phu-kien-cau-long\phụ kiện cầu lông.docx	media/image1.png
Túi đựng phụ kiện Yonex SRFDSB03L - Đen	/images/products/catalog/badminton/phu-kien-cau-long/tui-dung-phu-kien-yonex-srfdsb03l-den.png	Badminton\phu-kien-cau-long\phụ kiện cầu lông.docx	media/image3.png
Túi đựng phụ kiện Victor Hello Kitty BG-32KT F Navy	/images/products/catalog/badminton/phu-kien-cau-long/tui-dung-phu-kien-victor-hello-kitty-bg-32kt-f-navy.png	Badminton\phu-kien-cau-long\phụ kiện cầu lông.docx	media/image2.png
Túi vợt cầu lông Adidas 360 B7 Tournament - Xám	/images/products/catalog/badminton/phu-kien-cau-long/tui-vot-cau-long-adidas-360-b7-tournament-xam.png	Badminton\phu-kien-cau-long\phụ kiện cầu lông.docx	media/image5.png
Túi cầu lông Adidas X-Symbolic 6 Racket - Đen Vàng	/images/products/catalog/badminton/phu-kien-cau-long/tui-cau-long-adidas-x-symbolic-6-racket-den-vang.png	Badminton\phu-kien-cau-long\phụ kiện cầu lông.docx	media/image6.png
Bộ quần áo cầu lông Kamito Smash nữ - Trắng cam chính hãng	/images/products/catalog/badminton/quan-ao-cau-long/bo-quan-ao-cau-long-kamito-smash-nu-trang-cam-chinh-hang.png	Badminton\quan-ao-cau-long\quần áo cầu lông.docx	media/image8.png
Bộ quần áo cầu lông Yonex (Hàng tài trợ)	/images/products/catalog/badminton/quan-ao-cau-long/bo-quan-ao-cau-long-yonex-hang-tai-tro.png	Badminton\quan-ao-cau-long\quần áo cầu lông.docx	media/image5.png
Áo Cầu Lông Proning Xanh bích dạ quang 230	/images/products/catalog/badminton/quan-ao-cau-long/ao-cau-long-proning-xanh-bich-da-quang-230.png	Badminton\quan-ao-cau-long\quần áo cầu lông.docx	media/image1.png
Áo Cầu Lông DonexPro 8933-04-10A Xanh bích phối dạ quang	/images/products/catalog/badminton/quan-ao-cau-long/ao-cau-long-donexpro-8933-04-10a-xanh-bich-phoi-da-quang.png	Badminton\quan-ao-cau-long\quần áo cầu lông.docx	media/image3.png
Bộ quần áo cầu lông SFD B001	/images/products/catalog/badminton/quan-ao-cau-long/bo-quan-ao-cau-long-sfd-b001.png	Badminton\quan-ao-cau-long\quần áo cầu lông.docx	media/image6.png
Bộ quần áo cầu lông Kamito Smash nữ - Xanh bích chính hãng]	/images/products/catalog/badminton/quan-ao-cau-long/bo-quan-ao-cau-long-kamito-smash-nu-xanh-bich-chinh-hang.png	Badminton\quan-ao-cau-long\quần áo cầu lông.docx	media/image9.png
Bộ quần áo cầu lông Kamito Smash nữ - Xanh navy chính hãng	/images/products/catalog/badminton/quan-ao-cau-long/bo-quan-ao-cau-long-kamito-smash-nu-xanh-navy-chinh-hang.png	Badminton\quan-ao-cau-long\quần áo cầu lông.docx	media/image7.png
Áo Cầu Lông Lining 2099 A NAM DẠ QUANG	/images/products/catalog/badminton/quan-ao-cau-long/ao-cau-long-lining-2099-a-nam-da-quang.png	Badminton\quan-ao-cau-long\quần áo cầu lông.docx	media/image10.png
Áo Cầu Lông DonexPro 8933-05-10A Ghi phối dạ quang	/images/products/catalog/badminton/quan-ao-cau-long/ao-cau-long-donexpro-8933-05-10a-ghi-phoi-da-quang.png	Badminton\quan-ao-cau-long\quần áo cầu lông.docx	media/image4.png
Áo Cầu Lông DonexPro 8909 A Đen Phối Dạ Quang	/images/products/catalog/badminton/quan-ao-cau-long/ao-cau-long-donexpro-8909-a-den-phoi-da-quang.png	Badminton\quan-ao-cau-long\quần áo cầu lông.docx	media/image2.png
Vợt cầu lông VNB Carbon Training 150g chính hãng	/images/products/catalog/badminton/vot-cau-long/vot-cau-long-vnb-carbon-training-150g-chinh-hang.png	Badminton\vợt cầu lông\vợt cầu lông.docx	media/image6.png
Vợt cầu lông VNB TC88B chính hãng	/images/products/catalog/badminton/vot-cau-long/vot-cau-long-vnb-tc88b-chinh-hang.png	Badminton\vợt cầu lông\vợt cầu lông.docx	media/image3.png
Vợt cầu lông Lining Axforce Cannon Pro Limited 2026 chính hãng	/images/products/catalog/badminton/vot-cau-long/vot-cau-long-lining-axforce-cannon-pro-limited-2026-chinh-hang.png	Badminton\vợt cầu lông\vợt cầu lông.docx	media/image2.png
Vợt cầu lông Felet Woven Eighty 8 chính hãng	/images/products/catalog/badminton/vot-cau-long/vot-cau-long-felet-woven-eighty-8-chinh-hang.png	Badminton\vợt cầu lông\vợt cầu lông.docx	media/image1.png
Vợt Cầu Lông Victor Thruster Ryuga Muse F chính hãng	/images/products/catalog/badminton/vot-cau-long/vot-cau-long-victor-thruster-ryuga-muse-f-chinh-hang.png	Badminton\vợt cầu lông\vợt cầu lông.docx	media/image7.png
Vợt Cầu Lông Lining Axforce 90 Limited 2026 chính hãng	/images/products/catalog/badminton/vot-cau-long/vot-cau-long-lining-axforce-90-limited-2026-chinh-hang.png	Badminton\vợt cầu lông\vợt cầu lông.docx	media/image9.png
Vợt cầu lông Hundred Nuclear 72	/images/products/catalog/badminton/vot-cau-long/vot-cau-long-hundred-nuclear-72.png	Badminton\vợt cầu lông\vợt cầu lông.docx	media/image10.png
Vợt cầu lông Hundred Hyfonic 7 - Tím xanh lá chính hãng	/images/products/catalog/badminton/vot-cau-long/vot-cau-long-hundred-hyfonic-7-tim-xanh-la-chinh-hang.png	Badminton\vợt cầu lông\vợt cầu lông.docx	media/image4.png
Vợt cầu lông Hundred Flareon 700 - Đen cam hồng chính hãng	/images/products/catalog/badminton/vot-cau-long/vot-cau-long-hundred-flareon-700-den-cam-hong-chinh-hang.png	Badminton\vợt cầu lông\vợt cầu lông.docx	media/image8.png
Set Vợt cầu lông VS Kirin 70 Chính Hãng	/images/products/catalog/badminton/vot-cau-long/set-vot-cau-long-vs-kirin-70-chinh-hang.png	Badminton\vợt cầu lông\vợt cầu lông.docx	media/image5.png
Quả bóng đá adidas Tiro Pro Unisex - HT2428	/images/products/catalog/football/bong-da/bong/qua-bong-da-adidas-tiro-pro-unisex-ht2428.png	FootBall\bong-da\bóng\quả bóng.docx	media/image5.png
Quả bóng đá adidas FIFA World Cup 26™ Unisex - JD8045	/images/products/catalog/football/bong-da/bong/qua-bong-da-adidas-fifa-world-cup-26tm-unisex-jd8045.png	FootBall\bong-da\bóng\quả bóng.docx	media/image4.png
Quả bóng đá mini adidas Trionda FIFA World Cup 26™ - JD8034	/images/products/catalog/football/bong-da/bong/qua-bong-da-mini-adidas-trionda-fifa-world-cup-26tm-jd8034.png	FootBall\bong-da\bóng\quả bóng.docx	media/image6.png
Quả bóng đá adidas FIFA Club World Cup 25 Pro Unisex - JE8770	/images/products/catalog/football/bong-da/bong/qua-bong-da-adidas-fifa-club-world-cup-25-pro-unisex-je8770.png	FootBall\bong-da\bóng\quả bóng.docx	media/image1.png
Quả bóng đá adidas Mundial de Clubes FIFA 25 Training Unisex - JD3826	/images/products/catalog/football/bong-da/bong/qua-bong-da-adidas-mundial-de-clubes-fifa-25-training-unisex-jd3826.png	FootBall\bong-da\bóng\quả bóng.docx	media/image3.png
Quả bóng đá adidas UCL Pro Unisex - JH1279	/images/products/catalog/football/bong-da/bong/qua-bong-da-adidas-ucl-pro-unisex-jh1279.png	FootBall\bong-da\bóng\quả bóng.docx	media/image2.png
Vớ Thể Thao Nike Academy Over-The-Calf Soccer - Đen	/images/products/catalog/football/bong-da/tat/vo-the-thao-nike-academy-over-the-calf-soccer-den.png	FootBall\bong-da\tất\tất.docx	media/image2.png
Vớ Thể Thao Nike Academy Over-The-Calf Soccer - Trắng	/images/products/catalog/football/bong-da/tat/vo-the-thao-nike-academy-over-the-calf-soccer-trang.png	FootBall\bong-da\tất\tất.docx	media/image5.png
Vớ Thể Thao Đá Bóng Adidas Milano 23 - Đen	/images/products/catalog/football/bong-da/tat/vo-the-thao-da-bong-adidas-milano-23-den.png	FootBall\bong-da\tất\tất.docx	media/image1.png
Vớ Đá Bóng Thể Thao Adidas Adi 24 (1 Đôi) - Xanh Navy	/images/products/catalog/football/bong-da/tat/vo-da-bong-the-thao-adidas-adi-24-1-doi-xanh-navy.png	FootBall\bong-da\tất\tất.docx	media/image4.png
Vớ Đá Bóng Adidas Manchester United Sân Nhà Mùa Giải 25/26 - Đen	/images/products/catalog/football/bong-da/tat/vo-da-bong-adidas-manchester-united-san-nha-mua-giai-25-26-den.png	FootBall\bong-da\tất\tất.docx	media/image3.png
Vớ Adidas Milano 23 (1 Đôi) - Trắng	/images/products/catalog/football/bong-da/tat/vo-adidas-milano-23-1-doi-trang.png	FootBall\bong-da\tất\tất.docx	media/image7.png
Vớ Thể Thao Adidas Liverpool Sân Nhà 25/26 - Đỏ	/images/products/catalog/football/bong-da/tat/vo-the-thao-adidas-liverpool-san-nha-25-26-do.png	FootBall\bong-da\tất\tất.docx	media/image6.png
Giày Đá Bóng Sân Cỏ Nhân Tạo Nam Mizuno Morelia Neo Iv Pro As - Trắng	/images/products/catalog/football/giay-da-bong/giay/giay-da-bong-san-co-nhan-tao-nam-mizuno-morelia-neo-iv-pro-as-trang.png	FootBall\giay-da-bong\giày\giày.docx	media/image6.png
Giày Đá Bóng Sân Cỏ Nhân Tạo Nam Nike Zoovapor 16 Academy - Hồng	/images/products/catalog/football/giay-da-bong/giay/giay-da-bong-san-co-nhan-tao-nam-nike-zoovapor-16-academy-hong.png	FootBall\giay-da-bong\giày\giày.docx	media/image5.png
Giày Đá Bóng Sân Cỏ Nhân Tạo Nam Nike Mercurial Superfly 10 Academy Tf - Xanh Dương	/images/products/catalog/football/giay-da-bong/giay/giay-da-bong-san-co-nhan-tao-nam-nike-mercurial-superfly-10-academy-tf-xanh-duong.png	FootBall\giay-da-bong\giày\giày.docx	media/image7.png
Giày Đá Bóng Sân Cỏ Nhân Tạo Nam Adidas F50 Club - Xanh Dương	/images/products/catalog/football/giay-da-bong/giay/giay-da-bong-san-co-nhan-tao-nam-adidas-f50-club-xanh-duong.png	FootBall\giay-da-bong\giày\giày.docx	media/image3.png
Giày Đá Bóng Sân Cỏ Nhân Tạo Nam Adidas Predator League Fold-Over Tongue - Đỏ	/images/products/catalog/football/giay-da-bong/giay/giay-da-bong-san-co-nhan-tao-nam-adidas-predator-league-fold-over-tongue-do.png	FootBall\giay-da-bong\giày\giày.docx	media/image8.png
Giày Đá Bóng Sân Cỏ Nhân Tạo Nam Nike Legend 10 Academy - Đen	/images/products/catalog/football/giay-da-bong/giay/giay-da-bong-san-co-nhan-tao-nam-nike-legend-10-academy-den.png	FootBall\giay-da-bong\giày\giày.docx	media/image10.png
Giày Đá Bóng Dành Cho Sân Cỏ Tự Nhiên Nam Nike Tiempo Legend 10 Academy - Xám	/images/products/catalog/football/giay-da-bong/giay/giay-da-bong-danh-cho-san-co-tu-nhien-nam-nike-tiempo-legend-10-academy-xam.png	FootBall\giay-da-bong\giày\giày.docx	media/image1.png
Giày Đá Bóng Dành Cho Sân Cỏ Tự Nhiên Nam Nike Phantom Gx Ii Academy Erling Haaland Fg - Xanh Navy	/images/products/catalog/football/giay-da-bong/giay/giay-da-bong-danh-cho-san-co-tu-nhien-nam-nike-phantom-gx-ii-academy-erling-haaland-fg-xan.png	FootBall\giay-da-bong\giày\giày.docx	media/image4.png
Giày Đá Bóng Sân Cỏ Nhân Tạo Nam Puma Ultra 6 Match Tt - Xanh Lá	/images/products/catalog/football/giay-da-bong/giay/giay-da-bong-san-co-nhan-tao-nam-puma-ultra-6-match-tt-xanh-la.png	FootBall\giay-da-bong\giày\giày.docx	media/image2.png
Giày Đá Bóng Sân Cỏ Nhân Tạo Nam Puma Ultra 6 Match Tt - Xanh Dương	/images/products/catalog/football/giay-da-bong/giay/giay-da-bong-san-co-nhan-tao-nam-puma-ultra-6-match-tt-xanh-duong.png	FootBall\giay-da-bong\giày\giày.docx	media/image9.png
Găng Tay Adidas Predator Training Goalkeeper - Vàng Chanh	/images/products/catalog/football/phu-kien-bong-da/phu-kien-khac/gang-tay-adidas-predator-training-goalkeeper-vang-chanh.png	FootBall\phu-kien-bong-da\phụ kiện khác\Phụ kiện.docx	media/image6.png
Găng Tay Thủ Môn Adidas Copa Club - Be	/images/products/catalog/football/phu-kien-bong-da/phu-kien-khac/gang-tay-thu-mon-adidas-copa-club-be.png	FootBall\phu-kien-bong-da\phụ kiện khác\Phụ kiện.docx	media/image4.png
Găng Tay Adidas Predator Training Goalkeeper - Xanh Dương	/images/products/catalog/football/phu-kien-bong-da/phu-kien-khac/gang-tay-adidas-predator-training-goalkeeper-xanh-duong.png	FootBall\phu-kien-bong-da\phụ kiện khác\Phụ kiện.docx	media/image7.png
Găng Tay Thủ Môn Adidas Predator - Hồng	/images/products/catalog/football/phu-kien-bong-da/phu-kien-khac/gang-tay-thu-mon-adidas-predator-hong.png	FootBall\phu-kien-bong-da\phụ kiện khác\Phụ kiện.docx	media/image2.png
Ốp Bảo Vệ Ống Chân Adidas Tiro Club - Trắng	/images/products/catalog/football/phu-kien-bong-da/phu-kien-khac/op-bao-ve-ong-chan-adidas-tiro-club-trang.png	FootBall\phu-kien-bong-da\phụ kiện khác\Phụ kiện.docx	media/image5.png
Ốp Bảo Vệ Ống Chân adidas TIRO Training Unisex IP3998	/images/products/catalog/football/phu-kien-bong-da/phu-kien-khac/op-bao-ve-ong-chan-adidas-tiro-training-unisex-ip3998.png	FootBall\phu-kien-bong-da\phụ kiện khác\Phụ kiện.docx	media/image3.png
Ốp Bảo Vệ Ống Chân adidas TIRO Training Unisex IP3998	/images/products/catalog/football/phu-kien-bong-da/phu-kien-khac/op-bao-ve-ong-chan-adidas-tiro-training-unisex-ip3998-07.png	FootBall\phu-kien-bong-da\phụ kiện khác\Phụ kiện.docx	media/image1.png
Áo Đá Bóng Nam Nike Dri-Fit England Stadium Sân Nhà 26 - Trắng	/images/products/catalog/football/quan-ao-da-da-bong/quan-ao/ao-da-bong-nam-nike-dri-fit-england-stadium-san-nha-26-trang.png	FootBall\quan-ao-da-da-bong\quần áo\quần áo.docx	media/image3.png
Áo Đá Bóng Sân Nhà Nam Adidas Germany 26 Authentic - Trắng	/images/products/catalog/football/quan-ao-da-da-bong/quan-ao/ao-da-bong-san-nha-nam-adidas-germany-26-authentic-trang.png	FootBall\quan-ao-da-da-bong\quần áo\quần áo.docx	media/image5.png
Áo Đá Bóng Sân Khách Nam Adidas Argentina 26 Authentic - Xanh Dương	/images/products/catalog/football/quan-ao-da-da-bong/quan-ao/ao-da-bong-san-khach-nam-adidas-argentina-26-authentic-xanh-duong.png	FootBall\quan-ao-da-da-bong\quần áo\quần áo.docx	media/image6.png
Áo Đá Bóng Sân Khách Nam Adidas Italy 26 - Xanh Dương	/images/products/catalog/football/quan-ao-da-da-bong/quan-ao/ao-da-bong-san-khach-nam-adidas-italy-26-xanh-duong.png	FootBall\quan-ao-da-da-bong\quần áo\quần áo.docx	media/image9.png
Áo Đá Bóng Sân Khách Nam Adidas Japan 26 - Be	/images/products/catalog/football/quan-ao-da-da-bong/quan-ao/ao-da-bong-san-khach-nam-adidas-japan-26-be.png	FootBall\quan-ao-da-da-bong\quần áo\quần áo.docx	media/image4.png
Áo Đá Bóng Sân Nhà Nam Nike Paris Saint-Germain 2025/26 - Xanh Navy	/images/products/catalog/football/quan-ao-da-da-bong/quan-ao/ao-da-bong-san-nha-nam-nike-paris-saint-germain-2025-26-xanh-navy.png	FootBall\quan-ao-da-da-bong\quần áo\quần áo.docx	media/image1.png
Áo Đá Bóng Nam Adidas Fc Bayern Sân Nhà 21/22	/images/products/catalog/football/quan-ao-da-da-bong/quan-ao/ao-da-bong-nam-adidas-fc-bayern-san-nha-21-22.png	FootBall\quan-ao-da-da-bong\quần áo\quần áo.docx	media/image2.png
Áo Đá Bóng Nam Adidas Belgium Sân Nhà 22	/images/products/catalog/football/quan-ao-da-da-bong/quan-ao/ao-da-bong-nam-adidas-belgium-san-nha-22.png	FootBall\quan-ao-da-da-bong\quần áo\quần áo.docx	media/image10.png
Áo Đá Bóng Sân Nhà Nam Adidas Spain 26 - Đỏ	/images/products/catalog/football/quan-ao-da-da-bong/quan-ao/ao-da-bong-san-nha-nam-adidas-spain-26-do.png	FootBall\quan-ao-da-da-bong\quần áo\quần áo.docx	media/image8.png
Áo Đá Bóng Nam Adidas Manchester United Sân Nhà 25/26 - Đỏ	/images/products/catalog/football/quan-ao-da-da-bong/quan-ao/ao-da-bong-nam-adidas-manchester-united-san-nha-25-26-do.png	FootBall\quan-ao-da-da-bong\quần áo\quần áo.docx	media/image7.png
Giày Pickleball Nam JOOLA Bainbridge Atlantic - Xanh Dương	/images/products/catalog/pickleball/giay-pickleball/giay-pickleball-nam-joola-bainbridge-atlantic-xanh-duong.png	PickleBall\giay-pickleball\giày pickleball.docx	media/image5.png
Giày Pickleball Nam Asics Gel-Dedicate 8 - Xanh Dương	/images/products/catalog/pickleball/giay-pickleball/giay-pickleball-nam-asics-gel-dedicate-8-xanh-duong.png	PickleBall\giay-pickleball\giày pickleball.docx	media/image2.png
Giày Pickleball Nữ Asics Gel-Dedicate 8 - Xám	/images/products/catalog/pickleball/giay-pickleball/giay-pickleball-nu-asics-gel-dedicate-8-xam.png	PickleBall\giay-pickleball\giày pickleball.docx	media/image3.png
Giày Tennis Nữ Asics Upcourt 6 - Trắng	/images/products/catalog/pickleball/giay-pickleball/giay-tennis-nu-asics-upcourt-6-trang.png	PickleBall\giay-pickleball\giày pickleball.docx	media/image4.png
Giày Pickleball Nữ JOOLA Bainbridge Meadow - Xanh Lá	/images/products/catalog/pickleball/giay-pickleball/giay-pickleball-nu-joola-bainbridge-meadow-xanh-la.png	PickleBall\giay-pickleball\giày pickleball.docx	media/image1.png
Bóng Pickleball Facolos F-Eco Xanh (Hộp 3 quả)	/images/products/catalog/pickleball/phu-kien-pickleball/bong/bong-pickleball-facolos-f-eco-xanh-hop-3-qua.png	PickleBall\phu-kien-pickleball\bóng\Bóng pickleBall.docx	media/image2.png
Bóng Pickleball Joola HC-40 (Hộp 3 quả)	/images/products/catalog/pickleball/phu-kien-pickleball/bong/bong-pickleball-joola-hc-40-hop-3-qua.png	PickleBall\phu-kien-pickleball\bóng\Bóng pickleBall.docx	media/image5.png
Bóng Pickleball Joola Heleus (4 quả)	/images/products/catalog/pickleball/phu-kien-pickleball/bong/bong-pickleball-joola-heleus-4-qua.png	PickleBall\phu-kien-pickleball\bóng\Bóng pickleBall.docx	media/image3.png
Bóng Pickleball Diadem Oﬃcial Pickleball Ball Outdoor (bịch 50 quả)	/images/products/catalog/pickleball/phu-kien-pickleball/bong/bong-pickleball-diadem-official-pickleball-ball-outdoor-bich-50-qua.png	PickleBall\phu-kien-pickleball\bóng\Bóng pickleBall.docx	media/image6.png
Bóng Pickleball Diadem Official Pickleball Indoor Ball (Hộp 3 Quả)	/images/products/catalog/pickleball/phu-kien-pickleball/bong/bong-pickleball-diadem-official-pickleball-indoor-ball-hop-3-qua.png	PickleBall\phu-kien-pickleball\bóng\Bóng pickleBall.docx	media/image4.png
Bóng Pickleball Facolos F-Pro Advanced Hồng (Quả)	/images/products/catalog/pickleball/phu-kien-pickleball/bong/bong-pickleball-facolos-f-pro-advanced-hong-qua.png	PickleBall\phu-kien-pickleball\bóng\Bóng pickleBall.docx	media/image1.png
Túi Pickleball Sypik - Trắng ngọc trai chính hãng	/images/products/catalog/pickleball/phu-kien-pickleball/tui-dung-vot/tui-pickleball-sypik-trang-ngoc-trai-chinh-hang.png	PickleBall\phu-kien-pickleball\Túi đựng vợt\Túi đựng vợt.docx	media/image5.png
Túi Pickleball Sypik - Trắng vàng chính hãng	/images/products/catalog/pickleball/phu-kien-pickleball/tui-dung-vot/tui-pickleball-sypik-trang-vang-chinh-hang.png	PickleBall\phu-kien-pickleball\Túi đựng vợt\Túi đựng vợt.docx	media/image1.png
Túi Pickleball Sypik Pro - Đen Hồng	/images/products/catalog/pickleball/phu-kien-pickleball/tui-dung-vot/tui-pickleball-sypik-pro-den-hong.png	PickleBall\phu-kien-pickleball\Túi đựng vợt\Túi đựng vợt.docx	media/image2.png
Túi Pickleball Joola Tour Elite Blue & Yellow	/images/products/catalog/pickleball/phu-kien-pickleball/tui-dung-vot/tui-pickleball-joola-tour-elite-blue-yellow.png	PickleBall\phu-kien-pickleball\Túi đựng vợt\Túi đựng vợt.docx	media/image3.png
Túi Pickleball Joola Tour Elite Orange & Gray	/images/products/catalog/pickleball/phu-kien-pickleball/tui-dung-vot/tui-pickleball-joola-tour-elite-orange-gray.png	PickleBall\phu-kien-pickleball\Túi đựng vợt\Túi đựng vợt.docx	media/image4.png
Áo Thun Nam Nike Court Victory Dri-Fit Tennis - Xanh Lá	/images/products/catalog/pickleball/quan-ao-pickleball/ao-thun-nam-nike-court-victory-dri-fit-tennis-xanh-la.png	PickleBall\quan-ao-pickleball\Quần áo pickleball.docx	media/image4.png
Áo Polo Nam Adidas Club - Xanh Dương	/images/products/catalog/pickleball/quan-ao-pickleball/ao-polo-nam-adidas-club-xanh-duong.png	PickleBall\quan-ao-pickleball\Quần áo pickleball.docx	media/image2.png
Áo Polo Nữ Adidas Club - Xanh Dương	/images/products/catalog/pickleball/quan-ao-pickleball/ao-polo-nu-adidas-club-xanh-duong.png	PickleBall\quan-ao-pickleball\Quần áo pickleball.docx	media/image6.png
Áo Ba Lỗ Nữ Adidas Club Tennis Climacool - Xanh Dương	/images/products/catalog/pickleball/quan-ao-pickleball/ao-ba-lo-nu-adidas-club-tennis-climacool-xanh-duong.png	PickleBall\quan-ao-pickleball\Quần áo pickleball.docx	media/image3.png
Đầm Nữ Adidas Club Tennis Climacool - Đen	/images/products/catalog/pickleball/quan-ao-pickleball/dam-nu-adidas-club-tennis-climacool-den.png	PickleBall\quan-ao-pickleball\Quần áo pickleball.docx	media/image1.png
Chân Váy Nữ Adidas Seasonal Essentials 3-Stripes - Hồng	/images/products/catalog/pickleball/quan-ao-pickleball/chan-vay-nu-adidas-seasonal-essentials-3-stripes-hong.png	PickleBall\quan-ao-pickleball\Quần áo pickleball.docx	media/image5.png
Vợt Pickleball JOOLA Scorpeus Pro V Anna 14Mm - Vàng	/images/products/catalog/pickleball/vot-pickleball/vot-pickleball-joola-scorpeus-pro-v-anna-14mm-vang.png	PickleBall\vot-pickleball\vợt pickleball.docx	media/image2.png
Vợt Pickleball JOOLA Perseus Pro V Simone Jardim 16Mm - Xanh Dương	/images/products/catalog/pickleball/vot-pickleball/vot-pickleball-joola-perseus-pro-v-simone-jardim-16mm-xanh-duong.png	PickleBall\vot-pickleball\vợt pickleball.docx	media/image3.png
Vợt Pickleball JOOLA Agassi Pro V Andre Agassi 16Mm - Xanh Dương	/images/products/catalog/pickleball/vot-pickleball/vot-pickleball-joola-agassi-pro-v-andre-agassi-16mm-xanh-duong.png	PickleBall\vot-pickleball\vợt pickleball.docx	media/image4.png
Vợt Pickleball JOOLA Hyperion Pro V Ben Johns Bolt 16Mm - Xanh Dương	/images/products/catalog/pickleball/vot-pickleball/vot-pickleball-joola-hyperion-pro-v-ben-johns-bolt-16mm-xanh-duong.png	PickleBall\vot-pickleball\vợt pickleball.docx	media/image7.png
Vợt Pickleball JOOLA Perseus Double Vision 16Mm	/images/products/catalog/pickleball/vot-pickleball/vot-pickleball-joola-perseus-double-vision-16mm.png	PickleBall\vot-pickleball\vợt pickleball.docx	media/image9.png
Vợt Pickleball Onix Z5 Graphite Mod - Xám	/images/products/catalog/pickleball/vot-pickleball/vot-pickleball-onix-z5-graphite-mod-xam.png	PickleBall\vot-pickleball\vợt pickleball.docx	media/image8.png
Vợt Pickleball Onix Z3 (V2) - Xanh Dương	/images/products/catalog/pickleball/vot-pickleball/vot-pickleball-onix-z3-v2-xanh-duong.png	PickleBall\vot-pickleball\vợt pickleball.docx	media/image1.png
Vợt Pickleball Onix Evoke Pro - Đen	/images/products/catalog/pickleball/vot-pickleball/vot-pickleball-onix-evoke-pro-den.png	PickleBall\vot-pickleball\vợt pickleball.docx	media/image5.png
Bộ Vợt Waboba Pickleball - Nhiều Màu	/images/products/catalog/pickleball/vot-pickleball/bo-vot-waboba-pickleball-nhieu-mau.png	PickleBall\vot-pickleball\vợt pickleball.docx	media/image6.png
